<?xml version="1.0" encoding="UTF-8" standalone="yes"?>
<addon id="program.apollo.v17" version="4.0.8" name="[COLOR white]Apollo[/COLOR] [COLOR FF028ddd]Group[/COLOR] Kodi 17" provider-name="Apollo Group">
	<requires>
		<import addon="xbmc.python" version="2.25.0"/>
		<import addon="script.module.requests"/>
		<import addon="script.myaddon.artwork"/>
	</requires>
	<extension point="xbmc.python.pluginsource" library="default.py">
		<provides>video</provides>
	</extension>
	<extension point="xbmc.service" library="service.py"/>
	<extension point="xbmc.addon.metadata">
		<summary>Apollo Group TV - Watch for the B-E-S-T!</summary>
		<description>
		For Support Visit Help.ApolloGroup.TV ,Become a member today, visit: ApolloGroup.TV
		</description>
		<platform>all</platform>
	</extension>
</addon>
